task_id,mode,cost_usd,latency_ms,latency_p50,latency_p95,rule_score,tokens_in,tokens_out
t1_rewrite_brand,baseline,0.525,0.0007,0.0007,0.0007,1.0,35,28
t1_rewrite_brand,naive,2.067,0.0066,0.0066,0.0066,1.0,549,28
t1_rewrite_brand,progressive,1.812,0.0067,0.0067,0.0067,1.0,464,28
t2_format_policy,baseline,0.63,0.0027,0.0027,0.0027,1.0,45,33
t2_format_policy,naive,2.097,0.0072,0.0072,0.0072,0.5,559,28
t2_format_policy,progressive,1.647,0.0024,0.0024,0.0024,0.5,409,28
t3_summarize_metrics,baseline,1.125,0.0029,0.0029,0.0029,1.0,50,65
t3_summarize_metrics,naive,2.112,0.0083,0.0083,0.0083,0.5,564,28
t3_summarize_metrics,progressive,1.941,0.02,0.02,0.02,0.5,507,28
